worker_id,worker_paid,task_id,batch_name,unit_id,current_try,dimension_index,dimension_name,timestamp_start,selection_index,selection_value,selection_label,selection_timestamp,selection_time_elapsed,timestamp_end,document_index,document_id
11122332,False,SocComP2,Sample-1,hit_0,1,0,tweet_about,1641231738.01,0,2,People,1641231745.771,7.761,1641231819.237,0,1453725918191505418
11122332,False,SocComP2,Sample-1,hit_0,1,1,tweet_opinion,1641231738.01,1,1,Yes,1641231748.428,2.657,1641231819.237,0,1453725918191505418
11122332,False,SocComP2,Sample-1,hit_0,1,2,tweet_words,1641231738.01,2,45,,1641231750.126,1.698,1641231819.237,0,1453725918191505418
11122332,False,SocComP2,Sample-1,hit_0,1,0,tweet_about,1641231738.01,0,1,Place,1641231770.132,20.006,1641231819.237,1,GOLD-1448919579292422144
11122332,False,SocComP2,Sample-1,hit_0,1,1,tweet_opinion,1641231738.01,1,1,Yes,1641231776.868,6.736,1641231819.237,1,GOLD-1448919579292422144
11122332,False,SocComP2,Sample-1,hit_0,1,2,tweet_words,1641231738.01,2,172,,1641231784.527,7.659,1641231819.237,1,GOLD-1448919579292422144
11122332,False,SocComP2,Sample-1,hit_0,1,2,tweet_words,1641231738.01,3,171,,1641231788.153,3.626,1641231819.237,1,GOLD-1448919579292422144
11122332,False,SocComP2,Sample-1,hit_0,1,0,tweet_about,1641231738.01,0,2,People,1641231797.884,9.731,1641231819.237,2,1455343431140601856
11122332,False,SocComP2,Sample-1,hit_0,1,1,tweet_opinion,1641231738.01,1,1,Yes,1641231799.237,1.353,1641231819.237,2,1455343431140601856
11122332,False,SocComP2,Sample-1,hit_0,1,2,tweet_words,1641231738.01,2,57,,1641231800.497,1.26,1641231819.237,2,1455343431140601856
11122332,False,SocComP2,Sample-1,hit_0,1,2,tweet_words,1641231738.01,3,69,,1641231800.924,0.427,1641231819.237,2,1455343431140601856
11122332,False,SocComP2,Sample-1,hit_0,1,2,tweet_words,1641231738.01,4,74,,1641231801.286,0.362,1641231819.237,2,1455343431140601856
11122332,False,SocComP2,Sample-1,hit_0,1,0,tweet_about,1641231738.01,0,1,Place,1641231810.553,9.267,1641231819.237,3,1461661299566383104
11122332,False,SocComP2,Sample-1,hit_0,1,1,tweet_opinion,1641231738.01,1,1,Yes,1641231812.194,1.641,1641231819.237,3,1461661299566383104
11122332,False,SocComP2,Sample-1,hit_0,1,2,tweet_words,1641231738.01,2,173,,1641231813.095,0.901,1641231819.237,3,1461661299566383104
11122332,False,SocComP2,Sample-1,hit_0,1,0,tweet_about,1641231738.01,0,1,Place,1641231828.538,15.443,1641231819.237,4,1452791358427521025
11122332,False,SocComP2,Sample-1,hit_0,1,1,tweet_opinion,1641231738.01,1,1,Yes,1641231829.91,1.372,1641231819.237,4,1452791358427521025
11122332,False,SocComP2,Sample-1,hit_0,1,2,tweet_words,1641231738.01,2,79,,1641231830.72,0.81,1641231819.237,4,1452791358427521025
11122333,True,SocComP2,Sample-1,hit_0,1,0,tweet_about,1641229233.084,0,2,People,1641229240.201,7.117,1641229276.457,0,1453725918191505418
11122333,True,SocComP2,Sample-1,hit_0,1,1,tweet_opinion,1641229233.084,1,1,Yes,1641229241.873,1.672,1641229276.457,0,1453725918191505418
11122333,True,SocComP2,Sample-1,hit_0,1,2,tweet_words,1641229233.084,2,62,,1641229242.716,0.843,1641229276.457,0,1453725918191505418
11122333,True,SocComP2,Sample-1,hit_0,1,0,tweet_about,1641229233.084,0,2,People,1641229246.702,3.986,1641229276.457,1,1448919579292422144
11122333,True,SocComP2,Sample-1,hit_0,1,1,tweet_opinion,1641229233.084,1,1,Yes,1641229248.964,2.262,1641229276.457,1,1448919579292422144
11122333,True,SocComP2,Sample-1,hit_0,1,2,tweet_words,1641229233.084,2,162,,1641229250.027,1.063,1641229276.457,1,1448919579292422144
11122333,True,SocComP2,Sample-1,hit_0,1,0,tweet_about,1641229233.084,0,1,Place,1641229254.741,4.714,1641229276.457,2,1455343431140601856
11122333,True,SocComP2,Sample-1,hit_0,1,1,tweet_opinion,1641229233.084,1,0,No,1641229256.548,1.807,1641229276.457,2,1455343431140601856
11122333,True,SocComP2,Sample-1,hit_0,1,2,tweet_words,1641229233.084,2,200,,1641229257.825,1.277,1641229276.457,2,1455343431140601856
11122333,True,SocComP2,Sample-1,hit_0,1,0,tweet_about,1641229233.084,0,1,Place,1641229268.138,10.313,1641229276.457,3,1461661299566383104
11122333,True,SocComP2,Sample-1,hit_0,1,1,tweet_opinion,1641229233.084,1,0,No,1641229270.833,2.695,1641229276.457,3,1461661299566383104
11122333,True,SocComP2,Sample-1,hit_0,1,2,tweet_words,1641229233.084,2,228,,1641229272.087,1.254,1641229276.457,3,1461661299566383104
11122333,True,SocComP2,Sample-1,hit_0,1,0,tweet_about,1641229233.084,0,3,Event,1641229281.146,9.059,1641229276.457,4,1452791358427521025
11122333,True,SocComP2,Sample-1,hit_0,1,1,tweet_opinion,1641229233.084,1,1,Yes,1641229282.689,1.543,1641229276.457,4,1452791358427521025
11122333,True,SocComP2,Sample-1,hit_0,1,2,tweet_words,1641229233.084,2,205,,1641229283.541,0.852,1641229276.457,4,1452791358427521025
A18GNNFWPQO3QP,True,SocComP2,Sample-1,hit_6,1,1,tweetOpinion,1641648213.803,0,0,No,1641648294.257,80.454,1641648743.789,0,1448919579292422144
A18GNNFWPQO3QP,True,SocComP2,Sample-1,hit_6,1,0,tweetAbout,1641648213.803,1,4,Other topic,1641648301.203,6.946,1641648743.789,0,1448919579292422144
A18GNNFWPQO3QP,True,SocComP2,Sample-1,hit_6,1,2,tweetWords,1641648213.803,2,30,,1641648352.569,51.366,1641648743.789,0,1448919579292422144
A18GNNFWPQO3QP,True,SocComP2,Sample-1,hit_6,1,3,tweetAcademic,1641648213.803,3,0,No,1641648356.379,3.81,1641648743.789,0,1448919579292422144
A18GNNFWPQO3QP,True,SocComP2,Sample-1,hit_6,1,0,tweetAbout,1641648213.803,0,3,An event,1641648395.26,38.881,1641648743.789,1,1453428774427635713
A18GNNFWPQO3QP,True,SocComP2,Sample-1,hit_6,1,1,tweetOpinion,1641648213.803,1,0,No,1641648433.489,38.229,1641648743.789,1,1453428774427635713
A18GNNFWPQO3QP,True,SocComP2,Sample-1,hit_6,1,2,tweetWords,1641648213.803,2,42,,1641648473.201,39.712,1641648743.789,1,1453428774427635713
A18GNNFWPQO3QP,True,SocComP2,Sample-1,hit_6,1,3,tweetAcademic,1641648213.803,3,0,No,1641648483.353,10.152,1641648743.789,1,1453428774427635713
A18GNNFWPQO3QP,True,SocComP2,Sample-1,hit_6,1,0,tweetAbout,1641648213.803,0,4,Other topic,1641648503.15,19.797,1641648743.789,2,1452791358427521025
A18GNNFWPQO3QP,True,SocComP2,Sample-1,hit_6,1,1,tweetOpinion,1641648213.803,1,1,Yes,1641648539.817,36.667,1641648743.789,2,1452791358427521025
A18GNNFWPQO3QP,True,SocComP2,Sample-1,hit_6,1,2,tweetWords,1641648213.803,2,26,,1641648560.729,20.912,1641648743.789,2,1452791358427521025
A18GNNFWPQO3QP,True,SocComP2,Sample-1,hit_6,1,3,tweetAcademic,1641648213.803,3,0,No,1641648563.454,2.725,1641648743.789,2,1452791358427521025
A18GNNFWPQO3QP,True,SocComP2,Sample-1,hit_6,1,0,tweetAbout,1641648213.803,0,2,People,1641648687.866,124.412,1641648743.789,3,GOLD-1461636196753285129
A18GNNFWPQO3QP,True,SocComP2,Sample-1,hit_6,1,1,tweetOpinion,1641648213.803,1,1,Yes,1641648719.953,32.087,1641648743.789,3,GOLD-1461636196753285129
A18GNNFWPQO3QP,True,SocComP2,Sample-1,hit_6,1,2,tweetWords,1641648213.803,2,9,,1641648741.3,21.347,1641648743.789,3,GOLD-1461636196753285129
A18GNNFWPQO3QP,True,SocComP2,Sample-1,hit_6,1,3,tweetAcademic,1641648213.803,3,1,Yes,1641648743.06,1.76,1641648743.789,3,GOLD-1461636196753285129
A18GNNFWPQO3QP,True,SocComP2,Sample-1,hit_6,1,0,tweetAbout,1641648213.803,0,4,Other topic,1641648763.365,20.305,1641648743.789,4,1226972505551908872
A18GNNFWPQO3QP,True,SocComP2,Sample-1,hit_6,1,1,tweetOpinion,1641648213.803,1,1,Yes,1641648856.119,92.754,1641648743.789,4,1226972505551908872
A18GNNFWPQO3QP,True,SocComP2,Sample-1,hit_6,1,2,tweetWords,1641648213.803,2,45,,1641648887.639,31.52,1641648743.789,4,1226972505551908872
A18GNNFWPQO3QP,True,SocComP2,Sample-1,hit_6,1,3,tweetAcademic,1641648213.803,3,1,Yes,1641648890.042,2.403,1641648743.789,4,1226972505551908872
A2A943S2MXB74M,False,SocComP2,Sample-1,hit_8,1,0,tweetAbout,1641751615.289,0,2,People,1641751649.046,33.757,1641752462.496,0,1453428774427635713
A2A943S2MXB74M,False,SocComP2,Sample-1,hit_8,1,0,tweetAbout,1641751615.289,1,3,An event,1641751657.021,7.975,1641752462.496,0,1453428774427635713
A2A943S2MXB74M,False,SocComP2,Sample-1,hit_8,1,1,tweetOpinion,1641751615.289,2,1,Yes,1641751752.798,95.777,1641752462.496,0,1453428774427635713
A2A943S2MXB74M,False,SocComP2,Sample-1,hit_8,1,1,tweetOpinion,1641751615.289,3,0,No,1641751753.155,0.357,1641752462.496,0,1453428774427635713
A2A943S2MXB74M,False,SocComP2,Sample-1,hit_8,1,2,tweetWords,1641751615.289,4,45,,1641751761.992,8.837,1641752462.496,0,1453428774427635713
A2A943S2MXB74M,False,SocComP2,Sample-1,hit_8,1,2,tweetWords,1641751615.289,5,44,,1641751765.598,3.606,1641752462.496,0,1453428774427635713
A2A943S2MXB74M,False,SocComP2,Sample-1,hit_8,1,3,tweetAcademic,1641751615.289,6,0,No,1641751769.124,3.526,1641752462.496,0,1453428774427635713
A2A943S2MXB74M,False,SocComP2,Sample-1,hit_8,1,0,tweetAbout,1641751615.289,0,3,An event,1641751816.008,46.884,1641752462.496,1,1461036239201742850
A2A943S2MXB74M,False,SocComP2,Sample-1,hit_8,1,0,tweetAbout,1641751615.289,1,4,Other topic,1641751816.684,0.676,1641752462.496,1,1461036239201742850
A2A943S2MXB74M,False,SocComP2,Sample-1,hit_8,1,0,tweetAbout,1641751615.289,2,2,People,1641751824.07,7.386,1641752462.496,1,1461036239201742850
A2A943S2MXB74M,False,SocComP2,Sample-1,hit_8,1,0,tweetAbout,1641751615.289,3,3,An event,1641752061.171,237.101,1641752462.496,1,1461036239201742850
A2A943S2MXB74M,False,SocComP2,Sample-1,hit_8,1,0,tweetAbout,1641751615.289,4,4,Other topic,1641752080.247,19.076,1641752462.496,1,1461036239201742850
A2A943S2MXB74M,False,SocComP2,Sample-1,hit_8,1,1,tweetOpinion,1641751615.289,5,0,No,1641752122.436,42.189,1641752462.496,1,1461036239201742850
A2A943S2MXB74M,False,SocComP2,Sample-1,hit_8,1,2,tweetWords,1641751615.289,6,37,,1641752130.437,8.001,1641752462.496,1,1461036239201742850
A2A943S2MXB74M,False,SocComP2,Sample-1,hit_8,1,3,tweetAcademic,1641751615.289,7,1,Yes,1641752132.753,2.316,1641752462.496,1,1461036239201742850
A2A943S2MXB74M,False,SocComP2,Sample-1,hit_8,1,3,tweetAcademic,1641751615.289,8,0,No,1641752133.137,0.384,1641752462.496,1,1461036239201742850
A2A943S2MXB74M,False,SocComP2,Sample-1,hit_8,1,0,tweetAbout,1641751615.289,0,2,People,1641752156.883,23.746,1641752462.496,2,GOLD-1459175244917215232
A2A943S2MXB74M,False,SocComP2,Sample-1,hit_8,1,0,tweetAbout,1641751615.289,1,3,An event,1641752157.656,0.773,1641752462.496,2,GOLD-1459175244917215232
A2A943S2MXB74M,False,SocComP2,Sample-1,hit_8,1,2,tweetWords,1641751615.289,2,233,,1641752199.798,42.142,1641752462.496,2,GOLD-1459175244917215232
A2A943S2MXB74M,False,SocComP2,Sample-1,hit_8,1,2,tweetWords,1641751615.289,3,79,,1641752223.063,23.265,1641752462.496,2,GOLD-1459175244917215232
A2A943S2MXB74M,False,SocComP2,Sample-1,hit_8,1,2,tweetWords,1641751615.289,4,32,,1641752226.65,3.587,1641752462.496,2,GOLD-1459175244917215232
A2A943S2MXB74M,False,SocComP2,Sample-1,hit_8,1,3,tweetAcademic,1641751615.289,5,0,No,1641752227.629,0.979,1641752462.496,2,GOLD-1459175244917215232
A2A943S2MXB74M,False,SocComP2,Sample-1,hit_8,1,1,tweetOpinion,1641751615.289,6,0,No,1641752229.245,1.616,1641752462.496,2,GOLD-1459175244917215232
A2A943S2MXB74M,False,SocComP2,Sample-1,hit_8,1,0,tweetAbout,1641751615.289,7,4,Other topic,1641752233.195,3.95,1641752462.496,2,GOLD-1459175244917215232
A2A943S2MXB74M,False,SocComP2,Sample-1,hit_8,1,2,tweetWords,1641751615.289,0,49,,1641752353.82,120.625,1641752462.496,3,1461661299566383104
A2A943S2MXB74M,False,SocComP2,Sample-1,hit_8,1,2,tweetWords,1641751615.289,1,39,,1641752357.064,3.244,1641752462.496,3,1461661299566383104
A2A943S2MXB74M,False,SocComP2,Sample-1,hit_8,1,2,tweetWords,1641751615.289,2,40,,1641752359.59,2.526,1641752462.496,3,1461661299566383104
A2A943S2MXB74M,False,SocComP2,Sample-1,hit_8,1,1,tweetOpinion,1641751615.289,3,0,No,1641752360.429,0.839,1641752462.496,3,1461661299566383104
A2A943S2MXB74M,False,SocComP2,Sample-1,hit_8,1,3,tweetAcademic,1641751615.289,4,1,Yes,1641752363.737,3.308,1641752462.496,3,1461661299566383104
A2A943S2MXB74M,False,SocComP2,Sample-1,hit_8,1,3,tweetAcademic,1641751615.289,5,0,No,1641752364.091,0.354,1641752462.496,3,1461661299566383104
A2A943S2MXB74M,False,SocComP2,Sample-1,hit_8,1,0,tweetAbout,1641751615.289,6,4,Other topic,1641752460.862,96.771,1641752462.496,3,1461661299566383104
A2A943S2MXB74M,False,SocComP2,Sample-1,hit_8,1,0,tweetAbout,1641751615.289,0,4,Other topic,1641752482.463,21.601,1641752462.496,4,1226972505551908872
A2A943S2MXB74M,False,SocComP2,Sample-1,hit_8,1,2,tweetWords,1641751615.289,1,48,,1641752488.354,5.891,1641752462.496,4,1226972505551908872
A2A943S2MXB74M,False,SocComP2,Sample-1,hit_8,1,2,tweetWords,1641751615.289,2,47,,1641752490.252,1.898,1641752462.496,4,1226972505551908872
A2A943S2MXB74M,False,SocComP2,Sample-1,hit_8,1,1,tweetOpinion,1641751615.289,3,1,Yes,1641752696.711,206.459,1641752462.496,4,1226972505551908872
A2A943S2MXB74M,False,SocComP2,Sample-1,hit_8,1,3,tweetAcademic,1641751615.289,4,1,Yes,1641752698.838,2.127,1641752462.496,4,1226972505551908872
A2A943S2MXB74M,False,SocComP2,Sample-1,hit_8,2,0,tweetAbout,1641751615.289,0,2,People,1641751649.046,33.757,1641752462.496,0,1453428774427635713
A2A943S2MXB74M,False,SocComP2,Sample-1,hit_8,2,0,tweetAbout,1641751615.289,1,3,An event,1641751657.021,7.975,1641752462.496,0,1453428774427635713
A2A943S2MXB74M,False,SocComP2,Sample-1,hit_8,2,1,tweetOpinion,1641751615.289,2,1,Yes,1641751752.798,95.777,1641752462.496,0,1453428774427635713
A2A943S2MXB74M,False,SocComP2,Sample-1,hit_8,2,1,tweetOpinion,1641751615.289,3,0,No,1641751753.155,0.357,1641752462.496,0,1453428774427635713
A2A943S2MXB74M,False,SocComP2,Sample-1,hit_8,2,2,tweetWords,1641751615.289,4,45,,1641751761.992,8.837,1641752462.496,0,1453428774427635713
A2A943S2MXB74M,False,SocComP2,Sample-1,hit_8,2,2,tweetWords,1641751615.289,5,44,,1641751765.598,3.606,1641752462.496,0,1453428774427635713
A2A943S2MXB74M,False,SocComP2,Sample-1,hit_8,2,3,tweetAcademic,1641751615.289,6,0,No,1641751769.124,3.526,1641752462.496,0,1453428774427635713
A2A943S2MXB74M,False,SocComP2,Sample-1,hit_8,2,0,tweetAbout,1641751615.289,0,3,An event,1641751816.008,46.884,1641752462.496,1,1461036239201742850
A2A943S2MXB74M,False,SocComP2,Sample-1,hit_8,2,0,tweetAbout,1641751615.289,1,4,Other topic,1641751816.684,0.676,1641752462.496,1,1461036239201742850
A2A943S2MXB74M,False,SocComP2,Sample-1,hit_8,2,0,tweetAbout,1641751615.289,2,2,People,1641751824.07,7.386,1641752462.496,1,1461036239201742850
A2A943S2MXB74M,False,SocComP2,Sample-1,hit_8,2,0,tweetAbout,1641751615.289,3,3,An event,1641752061.171,237.101,1641752462.496,1,1461036239201742850
A2A943S2MXB74M,False,SocComP2,Sample-1,hit_8,2,0,tweetAbout,1641751615.289,4,4,Other topic,1641752080.247,19.076,1641752462.496,1,1461036239201742850
A2A943S2MXB74M,False,SocComP2,Sample-1,hit_8,2,1,tweetOpinion,1641751615.289,5,0,No,1641752122.436,42.189,1641752462.496,1,1461036239201742850
A2A943S2MXB74M,False,SocComP2,Sample-1,hit_8,2,2,tweetWords,1641751615.289,6,37,,1641752130.437,8.001,1641752462.496,1,1461036239201742850
A2A943S2MXB74M,False,SocComP2,Sample-1,hit_8,2,3,tweetAcademic,1641751615.289,7,1,Yes,1641752132.753,2.316,1641752462.496,1,1461036239201742850
A2A943S2MXB74M,False,SocComP2,Sample-1,hit_8,2,3,tweetAcademic,1641751615.289,8,0,No,1641752133.137,0.384,1641752462.496,1,1461036239201742850
A2A943S2MXB74M,False,SocComP2,Sample-1,hit_8,2,0,tweetAbout,1641751615.289,0,2,People,1641752156.883,23.746,1641752462.496,2,GOLD-1459175244917215232
A2A943S2MXB74M,False,SocComP2,Sample-1,hit_8,2,0,tweetAbout,1641751615.289,1,3,An event,1641752157.656,0.773,1641752462.496,2,GOLD-1459175244917215232
A2A943S2MXB74M,False,SocComP2,Sample-1,hit_8,2,2,tweetWords,1641751615.289,2,233,,1641752199.798,42.142,1641752462.496,2,GOLD-1459175244917215232
A2A943S2MXB74M,False,SocComP2,Sample-1,hit_8,2,2,tweetWords,1641751615.289,3,79,,1641752223.063,23.265,1641752462.496,2,GOLD-1459175244917215232
A2A943S2MXB74M,False,SocComP2,Sample-1,hit_8,2,2,tweetWords,1641751615.289,4,32,,1641752226.65,3.587,1641752462.496,2,GOLD-1459175244917215232
A2A943S2MXB74M,False,SocComP2,Sample-1,hit_8,2,3,tweetAcademic,1641751615.289,5,0,No,1641752227.629,0.979,1641752462.496,2,GOLD-1459175244917215232
A2A943S2MXB74M,False,SocComP2,Sample-1,hit_8,2,1,tweetOpinion,1641751615.289,6,0,No,1641752229.245,1.616,1641752462.496,2,GOLD-1459175244917215232
A2A943S2MXB74M,False,SocComP2,Sample-1,hit_8,2,0,tweetAbout,1641751615.289,7,4,Other topic,1641752233.195,3.95,1641752462.496,2,GOLD-1459175244917215232
A2A943S2MXB74M,False,SocComP2,Sample-1,hit_8,2,2,tweetWords,1641751615.289,0,49,,1641752353.82,120.625,1641752462.496,3,1461661299566383104
A2A943S2MXB74M,False,SocComP2,Sample-1,hit_8,2,2,tweetWords,1641751615.289,1,39,,1641752357.064,3.244,1641752462.496,3,1461661299566383104
A2A943S2MXB74M,False,SocComP2,Sample-1,hit_8,2,2,tweetWords,1641751615.289,2,40,,1641752359.59,2.526,1641752462.496,3,1461661299566383104
A2A943S2MXB74M,False,SocComP2,Sample-1,hit_8,2,1,tweetOpinion,1641751615.289,3,0,No,1641752360.429,0.839,1641752462.496,3,1461661299566383104
A2A943S2MXB74M,False,SocComP2,Sample-1,hit_8,2,3,tweetAcademic,1641751615.289,4,1,Yes,1641752363.737,3.308,1641752462.496,3,1461661299566383104
A2A943S2MXB74M,False,SocComP2,Sample-1,hit_8,2,3,tweetAcademic,1641751615.289,5,0,No,1641752364.091,0.354,1641752462.496,3,1461661299566383104
A2A943S2MXB74M,False,SocComP2,Sample-1,hit_8,2,0,tweetAbout,1641751615.289,6,4,Other topic,1641752460.862,96.771,1641752462.496,3,1461661299566383104
A2A943S2MXB74M,False,SocComP2,Sample-1,hit_8,2,0,tweetAbout,1641751615.289,0,4,Other topic,1641752482.463,21.601,1641752462.496,4,1226972505551908872
A2A943S2MXB74M,False,SocComP2,Sample-1,hit_8,2,2,tweetWords,1641751615.289,1,48,,1641752488.354,5.891,1641752462.496,4,1226972505551908872
A2A943S2MXB74M,False,SocComP2,Sample-1,hit_8,2,2,tweetWords,1641751615.289,2,47,,1641752490.252,1.898,1641752462.496,4,1226972505551908872
A2A943S2MXB74M,False,SocComP2,Sample-1,hit_8,2,1,tweetOpinion,1641751615.289,3,1,Yes,1641752696.711,206.459,1641752462.496,4,1226972505551908872
A2A943S2MXB74M,False,SocComP2,Sample-1,hit_8,2,3,tweetAcademic,1641751615.289,4,1,Yes,1641752698.838,2.127,1641752462.496,4,1226972505551908872
A2BVCWY95JJUKN,True,SocComP2,Sample-1,hit_4,1,3,tweetAcademic,1642246394.489,0,1,Yes,1642246531.099,136.61,1642247332.139,0,GOLD-1461636196753285129
A2BVCWY95JJUKN,True,SocComP2,Sample-1,hit_4,1,2,tweetWords,1642246394.489,1,9,,1642246538.085,6.986,1642247332.139,0,GOLD-1461636196753285129
A2BVCWY95JJUKN,True,SocComP2,Sample-1,hit_4,1,1,tweetOpinion,1642246394.489,2,1,Yes,1642246542.176,4.091,1642247332.139,0,GOLD-1461636196753285129
A2BVCWY95JJUKN,True,SocComP2,Sample-1,hit_4,1,0,tweetAbout,1642246394.489,3,4,Other topic,1642246592.691,50.515,1642247332.139,0,GOLD-1461636196753285129
A2BVCWY95JJUKN,True,SocComP2,Sample-1,hit_4,1,1,tweetOpinion,1642246394.489,0,1,Yes,1642246740.945,148.254,1642247332.139,1,1430393048907665408
A2BVCWY95JJUKN,True,SocComP2,Sample-1,hit_4,1,3,tweetAcademic,1642246394.489,1,1,Yes,1642246742.95,2.005,1642247332.139,1,1430393048907665408
A2BVCWY95JJUKN,True,SocComP2,Sample-1,hit_4,1,0,tweetAbout,1642246394.489,2,4,Other topic,1642246819.312,76.362,1642247332.139,1,1430393048907665408
A2BVCWY95JJUKN,True,SocComP2,Sample-1,hit_4,1,2,tweetWords,1642246394.489,3,28,,1642246918.371,99.059,1642247332.139,1,1430393048907665408
A2BVCWY95JJUKN,True,SocComP2,Sample-1,hit_4,1,2,tweetWords,1642246394.489,0,20,,1642247015.889,97.518,1642247332.139,2,1182774306406719488
A2BVCWY95JJUKN,True,SocComP2,Sample-1,hit_4,1,3,tweetAcademic,1642246394.489,1,0,No,1642247030.965,15.076,1642247332.139,2,1182774306406719488
A2BVCWY95JJUKN,True,SocComP2,Sample-1,hit_4,1,1,tweetOpinion,1642246394.489,2,0,No,1642247033.177,2.212,1642247332.139,2,1182774306406719488
A2BVCWY95JJUKN,True,SocComP2,Sample-1,hit_4,1,0,tweetAbout,1642246394.489,3,3,An event,1642247084.967,51.79,1642247332.139,2,1182774306406719488
A2BVCWY95JJUKN,True,SocComP2,Sample-1,hit_4,1,2,tweetWords,1642246394.489,0,24,,1642247213.327,128.36,1642247332.139,3,1350154105977769986
A2BVCWY95JJUKN,True,SocComP2,Sample-1,hit_4,1,3,tweetAcademic,1642246394.489,1,0,No,1642247216.989,3.662,1642247332.139,3,1350154105977769986
A2BVCWY95JJUKN,True,SocComP2,Sample-1,hit_4,1,1,tweetOpinion,1642246394.489,2,1,Yes,1642247219.547,2.558,1642247332.139,3,1350154105977769986
A2BVCWY95JJUKN,True,SocComP2,Sample-1,hit_4,1,0,tweetAbout,1642246394.489,3,4,Other topic,1642247329.449,109.902,1642247332.139,3,1350154105977769986
A2BVCWY95JJUKN,True,SocComP2,Sample-1,hit_4,1,1,tweetOpinion,1642246394.489,0,1,Yes,1642247439.91,110.461,1642247332.139,4,1226972505551908872
A2BVCWY95JJUKN,True,SocComP2,Sample-1,hit_4,1,3,tweetAcademic,1642246394.489,1,1,Yes,1642247441.493,1.583,1642247332.139,4,1226972505551908872
A2BVCWY95JJUKN,True,SocComP2,Sample-1,hit_4,1,2,tweetWords,1642246394.489,2,45,,1642247446.271,4.778,1642247332.139,4,1226972505551908872
A2BVCWY95JJUKN,True,SocComP2,Sample-1,hit_4,1,0,tweetAbout,1642246394.489,3,4,Other topic,1642247530.369,84.098,1642247332.139,4,1226972505551908872
A2DDCHY8H5Q7NW,True,SocComP2,Sample-1,hit_1,1,0,tweetAbout,1641824890.123,0,4,Other topic,1641824899.137,9.014,1641825241.507,0,1460413988219416576
A2DDCHY8H5Q7NW,True,SocComP2,Sample-1,hit_1,1,1,tweetOpinion,1641824890.123,1,1,Yes,1641824953.06,53.923,1641825241.507,0,1460413988219416576
A2DDCHY8H5Q7NW,True,SocComP2,Sample-1,hit_1,1,2,tweetWords,1641824890.123,2,47,,1641824981.762,28.702,1641825241.507,0,1460413988219416576
A2DDCHY8H5Q7NW,True,SocComP2,Sample-1,hit_1,1,3,tweetAcademic,1641824890.123,3,1,Yes,1641824984.128,2.366,1641825241.507,0,1460413988219416576
A2DDCHY8H5Q7NW,True,SocComP2,Sample-1,hit_1,1,0,tweetAbout,1641824890.123,0,3,An event,1641824992.279,8.151,1641825241.507,1,GOLD-1182774306406719488
A2DDCHY8H5Q7NW,True,SocComP2,Sample-1,hit_1,1,1,tweetOpinion,1641824890.123,1,0,No,1641825042.325,50.046,1641825241.507,1,GOLD-1182774306406719488
A2DDCHY8H5Q7NW,True,SocComP2,Sample-1,hit_1,1,2,tweetWords,1641824890.123,2,20,,1641825057.602,15.277,1641825241.507,1,GOLD-1182774306406719488
A2DDCHY8H5Q7NW,True,SocComP2,Sample-1,hit_1,1,3,tweetAcademic,1641824890.123,3,0,No,1641825060.217,2.615,1641825241.507,1,GOLD-1182774306406719488
A2DDCHY8H5Q7NW,True,SocComP2,Sample-1,hit_1,1,0,tweetAbout,1641824890.123,0,4,Other topic,1641825079.374,19.157,1641825241.507,2,1461036239201742850
A2DDCHY8H5Q7NW,True,SocComP2,Sample-1,hit_1,1,0,tweetAbout,1641824890.123,1,3,An event,1641825081.632,2.258,1641825241.507,2,1461036239201742850
A2DDCHY8H5Q7NW,True,SocComP2,Sample-1,hit_1,1,1,tweetOpinion,1641824890.123,2,1,Yes,1641825135.661,54.029,1641825241.507,2,1461036239201742850
A2DDCHY8H5Q7NW,True,SocComP2,Sample-1,hit_1,1,2,tweetWords,1641824890.123,3,36,,1641825157.073,21.412,1641825241.507,2,1461036239201742850
A2DDCHY8H5Q7NW,True,SocComP2,Sample-1,hit_1,1,2,tweetWords,1641824890.123,4,37,,1641825158.43,1.357,1641825241.507,2,1461036239201742850
A2DDCHY8H5Q7NW,True,SocComP2,Sample-1,hit_1,1,3,tweetAcademic,1641824890.123,5,1,Yes,1641825162.982,4.552,1641825241.507,2,1461036239201742850
A2DDCHY8H5Q7NW,True,SocComP2,Sample-1,hit_1,1,0,tweetAbout,1641824890.123,0,3,An event,1641825173.917,10.935,1641825241.507,3,1455343431140601856
A2DDCHY8H5Q7NW,True,SocComP2,Sample-1,hit_1,1,1,tweetOpinion,1641824890.123,1,0,No,1641825217.872,43.955,1641825241.507,3,1455343431140601856
A2DDCHY8H5Q7NW,True,SocComP2,Sample-1,hit_1,1,2,tweetWords,1641824890.123,2,30,,1641825239.207,21.335,1641825241.507,3,1455343431140601856
A2DDCHY8H5Q7NW,True,SocComP2,Sample-1,hit_1,1,3,tweetAcademic,1641824890.123,3,1,Yes,1641825239.928,0.721,1641825241.507,3,1455343431140601856
A2DDCHY8H5Q7NW,True,SocComP2,Sample-1,hit_1,1,0,tweetAbout,1641824890.123,0,3,An event,1641825252.679,12.751,1641825241.507,4,1453725918191505418
A2DDCHY8H5Q7NW,True,SocComP2,Sample-1,hit_1,1,1,tweetOpinion,1641824890.123,1,1,Yes,1641825304.798,52.119,1641825241.507,4,1453725918191505418
A2DDCHY8H5Q7NW,True,SocComP2,Sample-1,hit_1,1,2,tweetWords,1641824890.123,2,43,,1641825340.504,35.706,1641825241.507,4,1453725918191505418
A2DDCHY8H5Q7NW,True,SocComP2,Sample-1,hit_1,1,3,tweetAcademic,1641824890.123,3,0,No,1641825343.674,3.17,1641825241.507,4,1453725918191505418
A2GY65450CQSBU,True,SocComP2,Sample-1,hit_13,1,0,tweetAbout,1642236523.045,0,3,An event,1642236554.414,31.369,1642236848.425,0,GOLD-1182774306406719488
A2GY65450CQSBU,True,SocComP2,Sample-1,hit_13,1,1,tweetOpinion,1642236523.045,1,0,No,1642236581.8,27.386,1642236848.425,0,GOLD-1182774306406719488
A2GY65450CQSBU,True,SocComP2,Sample-1,hit_13,1,2,tweetWords,1642236523.045,2,20,,1642236593.131,11.331,1642236848.425,0,GOLD-1182774306406719488
A2GY65450CQSBU,True,SocComP2,Sample-1,hit_13,1,3,tweetAcademic,1642236523.045,3,0,No,1642236596.573,3.442,1642236848.425,0,GOLD-1182774306406719488
A2GY65450CQSBU,True,SocComP2,Sample-1,hit_13,1,0,tweetAbout,1642236523.045,0,3,An event,1642236643.29,46.717,1642236848.425,1,1461661299566383104
A2GY65450CQSBU,True,SocComP2,Sample-1,hit_13,1,1,tweetOpinion,1642236523.045,1,0,No,1642236680.951,37.661,1642236848.425,1,1461661299566383104
A2GY65450CQSBU,True,SocComP2,Sample-1,hit_13,1,2,tweetWords,1642236523.045,2,40,,1642236704.561,23.61,1642236848.425,1,1461661299566383104
A2GY65450CQSBU,True,SocComP2,Sample-1,hit_13,1,3,tweetAcademic,1642236523.045,3,1,Yes,1642236707.582,3.021,1642236848.425,1,1461661299566383104
A2GY65450CQSBU,True,SocComP2,Sample-1,hit_13,1,0,tweetAbout,1642236523.045,0,3,An event,1642236720.977,13.395,1642236848.425,2,1448663916809121804
A2GY65450CQSBU,True,SocComP2,Sample-1,hit_13,1,1,tweetOpinion,1642236523.045,1,0,No,1642236760.07,39.093,1642236848.425,2,1448663916809121804
A2GY65450CQSBU,True,SocComP2,Sample-1,hit_13,1,2,tweetWords,1642236523.045,2,17,,1642236770.782,10.712,1642236848.425,2,1448663916809121804
A2GY65450CQSBU,True,SocComP2,Sample-1,hit_13,1,2,tweetWords,1642236523.045,3,16,,1642236771.979,1.197,1642236848.425,2,1448663916809121804
A2GY65450CQSBU,True,SocComP2,Sample-1,hit_13,1,3,tweetAcademic,1642236523.045,4,1,Yes,1642236773.308,1.329,1642236848.425,2,1448663916809121804
A2GY65450CQSBU,True,SocComP2,Sample-1,hit_13,1,0,tweetAbout,1642236523.045,0,4,Other topic,1642236804.334,31.026,1642236848.425,3,1455343431140601856
A2GY65450CQSBU,True,SocComP2,Sample-1,hit_13,1,1,tweetOpinion,1642236523.045,1,0,No,1642236831.352,27.018,1642236848.425,3,1455343431140601856
A2GY65450CQSBU,True,SocComP2,Sample-1,hit_13,1,2,tweetWords,1642236523.045,2,30,,1642236846.584,15.232,1642236848.425,3,1455343431140601856
A2GY65450CQSBU,True,SocComP2,Sample-1,hit_13,1,3,tweetAcademic,1642236523.045,3,1,Yes,1642236848.003,1.419,1642236848.425,3,1455343431140601856
A2GY65450CQSBU,True,SocComP2,Sample-1,hit_13,1,0,tweetAbout,1642236523.045,0,4,Other topic,1642236859.323,11.32,1642236848.425,4,1350154105977769986
A2GY65450CQSBU,True,SocComP2,Sample-1,hit_13,1,1,tweetOpinion,1642236523.045,1,1,Yes,1642236880.228,20.905,1642236848.425,4,1350154105977769986
A2GY65450CQSBU,True,SocComP2,Sample-1,hit_13,1,2,tweetWords,1642236523.045,2,24,,1642236902.811,22.583,1642236848.425,4,1350154105977769986
A2GY65450CQSBU,True,SocComP2,Sample-1,hit_13,1,3,tweetAcademic,1642236523.045,3,0,No,1642236904.462,1.651,1642236848.425,4,1350154105977769986
A2J2FK73PAOB09,True,SocComP2,Sample-1,hit_12,1,2,tweetWords,1641556105.57,0,30,,1641556156.736,51.166,1641556767.744,0,1459175244917215232
A2J2FK73PAOB09,True,SocComP2,Sample-1,hit_12,1,3,tweetAcademic,1641556105.57,1,0,No,1641556236.496,79.76,1641556767.744,0,1459175244917215232
A2J2FK73PAOB09,True,SocComP2,Sample-1,hit_12,1,1,tweetOpinion,1641556105.57,2,1,Yes,1641556240.418,3.922,1641556767.744,0,1459175244917215232
A2J2FK73PAOB09,True,SocComP2,Sample-1,hit_12,1,0,tweetAbout,1641556105.57,3,2,People,1641556242.336,1.918,1641556767.744,0,1459175244917215232
A2J2FK73PAOB09,True,SocComP2,Sample-1,hit_12,1,2,tweetWords,1641556105.57,0,30,,1641556300.535,58.199,1641556767.744,1,1455343431140601856
A2J2FK73PAOB09,True,SocComP2,Sample-1,hit_12,1,3,tweetAcademic,1641556105.57,1,1,Yes,1641556310.439,9.904,1641556767.744,1,1455343431140601856
A2J2FK73PAOB09,True,SocComP2,Sample-1,hit_12,1,0,tweetAbout,1641556105.57,2,4,Other topic,1641556368.8,58.361,1641556767.744,1,1455343431140601856
A2J2FK73PAOB09,True,SocComP2,Sample-1,hit_12,1,1,tweetOpinion,1641556105.57,3,0,No,1641556398.199,29.399,1641556767.744,1,1455343431140601856
A2J2FK73PAOB09,True,SocComP2,Sample-1,hit_12,1,2,tweetWords,1641556105.57,0,30,,1641556531.383,133.184,1641556767.744,2,1448919579292422144
A2J2FK73PAOB09,True,SocComP2,Sample-1,hit_12,1,3,tweetAcademic,1641556105.57,1,0,No,1641556532.943,1.56,1641556767.744,2,1448919579292422144
A2J2FK73PAOB09,True,SocComP2,Sample-1,hit_12,1,0,tweetAbout,1641556105.57,2,4,Other topic,1641556555.743,22.8,1641556767.744,2,1448919579292422144
A2J2FK73PAOB09,True,SocComP2,Sample-1,hit_12,1,1,tweetOpinion,1641556105.57,3,0,No,1641556624.486,68.743,1641556767.744,2,1448919579292422144
A2J2FK73PAOB09,True,SocComP2,Sample-1,hit_12,1,2,tweetWords,1641556105.57,0,16,,1641556663.719,39.233,1641556767.744,3,GOLD-1448663916809121804
A2J2FK73PAOB09,True,SocComP2,Sample-1,hit_12,1,3,tweetAcademic,1641556105.57,1,1,Yes,1641556665.886,2.167,1641556767.744,3,GOLD-1448663916809121804
A2J2FK73PAOB09,True,SocComP2,Sample-1,hit_12,1,1,tweetOpinion,1641556105.57,2,0,No,1641556719.43,53.544,1641556767.744,3,GOLD-1448663916809121804
A2J2FK73PAOB09,True,SocComP2,Sample-1,hit_12,1,0,tweetAbout,1641556105.57,3,4,Other topic,1641556729.807,10.377,1641556767.744,3,GOLD-1448663916809121804
A2J2FK73PAOB09,True,SocComP2,Sample-1,hit_12,1,0,tweetAbout,1641556105.57,4,3,An event,1641556731.103,1.296,1641556767.744,3,GOLD-1448663916809121804
A2J2FK73PAOB09,True,SocComP2,Sample-1,hit_12,1,2,tweetWords,1641556105.57,0,28,,1641556816.223,85.12,1641556767.744,4,1430393048907665408
A2J2FK73PAOB09,True,SocComP2,Sample-1,hit_12,1,3,tweetAcademic,1641556105.57,1,1,Yes,1641556829.647,13.424,1641556767.744,4,1430393048907665408
A2J2FK73PAOB09,True,SocComP2,Sample-1,hit_12,1,1,tweetOpinion,1641556105.57,2,0,No,1641556831.815,2.168,1641556767.744,4,1430393048907665408
A2J2FK73PAOB09,True,SocComP2,Sample-1,hit_12,1,0,tweetAbout,1641556105.57,3,4,Other topic,1641556833.246,1.431,1641556767.744,4,1430393048907665408
A2TLN0LSNG4H0J,True,SocComP2,Sample-1,hit_3,1,2,tweetWords,1641555539.237,0,238,,1641555614.224,74.987,1641556419.205,0,1453725918191505418
A2TLN0LSNG4H0J,True,SocComP2,Sample-1,hit_3,1,2,tweetWords,1641555539.237,1,1,,1641555615.344,1.12,1641556419.205,0,1453725918191505418
A2TLN0LSNG4H0J,True,SocComP2,Sample-1,hit_3,1,0,tweetAbout,1641555539.237,2,4,Other topic,1641555744.351,129.007,1641556419.205,0,1453725918191505418
A2TLN0LSNG4H0J,True,SocComP2,Sample-1,hit_3,1,1,tweetOpinion,1641555539.237,3,1,Yes,1641555850.969,106.618,1641556419.205,0,1453725918191505418
A2TLN0LSNG4H0J,True,SocComP2,Sample-1,hit_3,1,2,tweetWords,1641555539.237,4,198,,1641555868.936,17.967,1641556419.205,0,1453725918191505418
A2TLN0LSNG4H0J,True,SocComP2,Sample-1,hit_3,1,2,tweetWords,1641555539.237,5,44,,1641555876.672,7.736,1641556419.205,0,1453725918191505418
A2TLN0LSNG4H0J,True,SocComP2,Sample-1,hit_3,1,3,tweetAcademic,1641555539.237,6,0,No,1641555881.832,5.16,1641556419.205,0,1453725918191505418
A2TLN0LSNG4H0J,True,SocComP2,Sample-1,hit_3,1,2,tweetWords,1641555539.237,0,10,,1641555971.363,89.531,1641556419.205,1,GOLD-1461636196753285129
A2TLN0LSNG4H0J,True,SocComP2,Sample-1,hit_3,1,2,tweetWords,1641555539.237,1,9,,1641555978.441,7.078,1641556419.205,1,GOLD-1461636196753285129
A2TLN0LSNG4H0J,True,SocComP2,Sample-1,hit_3,1,0,tweetAbout,1641555539.237,2,2,People,1641555983.522,5.081,1641556419.205,1,GOLD-1461636196753285129
A2TLN0LSNG4H0J,True,SocComP2,Sample-1,hit_3,1,1,tweetOpinion,1641555539.237,3,1,Yes,1641556014.239,30.717,1641556419.205,1,GOLD-1461636196753285129
A2TLN0LSNG4H0J,True,SocComP2,Sample-1,hit_3,1,1,tweetOpinion,1641555539.237,4,0,No,1641556014.829,0.59,1641556419.205,1,GOLD-1461636196753285129
A2TLN0LSNG4H0J,True,SocComP2,Sample-1,hit_3,1,2,tweetWords,1641555539.237,5,185,,1641556094.66,79.831,1641556419.205,1,GOLD-1461636196753285129
A2TLN0LSNG4H0J,True,SocComP2,Sample-1,hit_3,1,2,tweetWords,1641555539.237,6,9,,1641556097.823,3.163,1641556419.205,1,GOLD-1461636196753285129
A2TLN0LSNG4H0J,True,SocComP2,Sample-1,hit_3,1,3,tweetAcademic,1641555539.237,7,1,Yes,1641556101.077,3.254,1641556419.205,1,GOLD-1461636196753285129
A2TLN0LSNG4H0J,True,SocComP2,Sample-1,hit_3,1,2,tweetWords,1641555539.237,0,30,,1641556155.77,54.693,1641556419.205,2,1448919579292422144
A2TLN0LSNG4H0J,True,SocComP2,Sample-1,hit_3,1,0,tweetAbout,1641555539.237,1,4,Other topic,1641556170.582,14.812,1641556419.205,2,1448919579292422144
A2TLN0LSNG4H0J,True,SocComP2,Sample-1,hit_3,1,1,tweetOpinion,1641555539.237,2,0,No,1641556270.256,99.674,1641556419.205,2,1448919579292422144
A2TLN0LSNG4H0J,True,SocComP2,Sample-1,hit_3,1,3,tweetAcademic,1641555539.237,3,1,Yes,1641556272.155,1.899,1641556419.205,2,1448919579292422144
A2TLN0LSNG4H0J,True,SocComP2,Sample-1,hit_3,1,3,tweetAcademic,1641555539.237,4,0,No,1641556272.967,0.812,1641556419.205,2,1448919579292422144
A2TLN0LSNG4H0J,True,SocComP2,Sample-1,hit_3,1,3,tweetAcademic,1641555539.237,5,1,Yes,1641556273.542,0.575,1641556419.205,2,1448919579292422144
A2TLN0LSNG4H0J,True,SocComP2,Sample-1,hit_3,1,0,tweetAbout,1641555539.237,0,3,An event,1641556285.021,11.479,1641556419.205,3,1350154105977769986
A2TLN0LSNG4H0J,True,SocComP2,Sample-1,hit_3,1,1,tweetOpinion,1641555539.237,1,0,No,1641556381.371,96.35,1641556419.205,3,1350154105977769986
A2TLN0LSNG4H0J,True,SocComP2,Sample-1,hit_3,1,1,tweetOpinion,1641555539.237,2,1,Yes,1641556381.941,0.57,1641556419.205,3,1350154105977769986
A2TLN0LSNG4H0J,True,SocComP2,Sample-1,hit_3,1,2,tweetWords,1641555539.237,3,25,,1641556383.96,2.019,1641556419.205,3,1350154105977769986
A2TLN0LSNG4H0J,True,SocComP2,Sample-1,hit_3,1,2,tweetWords,1641555539.237,4,26,,1641556400.875,16.915,1641556419.205,3,1350154105977769986
A2TLN0LSNG4H0J,True,SocComP2,Sample-1,hit_3,1,3,tweetAcademic,1641555539.237,5,0,No,1641556418.716,17.841,1641556419.205,3,1350154105977769986
A2TLN0LSNG4H0J,True,SocComP2,Sample-1,hit_3,1,2,tweetWords,1641555539.237,6,25,,1641556659.042,240.326,1641556419.205,3,1350154105977769986
A2TLN0LSNG4H0J,True,SocComP2,Sample-1,hit_3,1,0,tweetAbout,1641555539.237,0,3,An event,1641556459.338,199.704,1641556419.205,4,1460413988219416576
A2TLN0LSNG4H0J,True,SocComP2,Sample-1,hit_3,1,1,tweetOpinion,1641555539.237,1,1,Yes,1641556553.529,94.191,1641556419.205,4,1460413988219416576
A2TLN0LSNG4H0J,True,SocComP2,Sample-1,hit_3,1,2,tweetWords,1641555539.237,2,68,,1641556554.517,0.988,1641556419.205,4,1460413988219416576
A2TLN0LSNG4H0J,True,SocComP2,Sample-1,hit_3,1,2,tweetWords,1641555539.237,3,47,,1641556580.155,25.638,1641556419.205,4,1460413988219416576
A2TLN0LSNG4H0J,True,SocComP2,Sample-1,hit_3,1,3,tweetAcademic,1641555539.237,4,1,Yes,1641556583.102,2.947,1641556419.205,4,1460413988219416576
A2ZUTR7WZ2X5PN,True,SocComP2,Sample-1,hit_2,1,2,tweetWords,1641824410.901,0,28,,1641824438.772,27.871,1641825784.895,0,1452791358427521025
A2ZUTR7WZ2X5PN,True,SocComP2,Sample-1,hit_2,1,1,tweetOpinion,1641824410.901,1,0,No,1641824447.026,8.254,1641825784.895,0,1452791358427521025
A2ZUTR7WZ2X5PN,True,SocComP2,Sample-1,hit_2,1,0,tweetAbout,1641824410.901,2,3,An event,1641824452.834,5.808,1641825784.895,0,1452791358427521025
A2ZUTR7WZ2X5PN,True,SocComP2,Sample-1,hit_2,1,0,tweetAbout,1641824410.901,3,4,Other topic,1641824461.115,8.281,1641825784.895,0,1452791358427521025
A2ZUTR7WZ2X5PN,True,SocComP2,Sample-1,hit_2,1,3,tweetAcademic,1641824410.901,4,1,Yes,1641824526.941,65.826,1641825784.895,0,1452791358427521025
A2ZUTR7WZ2X5PN,True,SocComP2,Sample-1,hit_2,1,2,tweetWords,1641824410.901,0,23,,1641824548.273,21.332,1641825784.895,1,1350154105977769986
A2ZUTR7WZ2X5PN,True,SocComP2,Sample-1,hit_2,1,0,tweetAbout,1641824410.901,1,4,Other topic,1641824554.984,6.711,1641825784.895,1,1350154105977769986
A2ZUTR7WZ2X5PN,True,SocComP2,Sample-1,hit_2,1,1,tweetOpinion,1641824410.901,2,0,No,1641824594.339,39.355,1641825784.895,1,1350154105977769986
A2ZUTR7WZ2X5PN,True,SocComP2,Sample-1,hit_2,1,3,tweetAcademic,1641824410.901,3,0,No,1641824599.649,5.31,1641825784.895,1,1350154105977769986
A2ZUTR7WZ2X5PN,True,SocComP2,Sample-1,hit_2,1,0,tweetAbout,1641824410.901,0,3,An event,1641824624.629,24.98,1641825784.895,2,GOLD-1182774306406719488
A2ZUTR7WZ2X5PN,True,SocComP2,Sample-1,hit_2,1,2,tweetWords,1641824410.901,1,20,,1641824636.643,12.014,1641825784.895,2,GOLD-1182774306406719488
A2ZUTR7WZ2X5PN,True,SocComP2,Sample-1,hit_2,1,1,tweetOpinion,1641824410.901,2,0,No,1641824751.439,114.796,1641825784.895,2,GOLD-1182774306406719488
A2ZUTR7WZ2X5PN,True,SocComP2,Sample-1,hit_2,1,3,tweetAcademic,1641824410.901,3,0,No,1641824755.548,4.109,1641825784.895,2,GOLD-1182774306406719488
A2ZUTR7WZ2X5PN,True,SocComP2,Sample-1,hit_2,1,2,tweetWords,1641824410.901,0,47,,1641824777.968,22.42,1641825784.895,3,1460413988219416576
A2ZUTR7WZ2X5PN,True,SocComP2,Sample-1,hit_2,1,0,tweetAbout,1641824410.901,1,4,Other topic,1641825467.85,689.882,1641825784.895,3,1460413988219416576
A2ZUTR7WZ2X5PN,True,SocComP2,Sample-1,hit_2,1,1,tweetOpinion,1641824410.901,2,1,Yes,1641825782.006,314.156,1641825784.895,3,1460413988219416576
A2ZUTR7WZ2X5PN,True,SocComP2,Sample-1,hit_2,1,3,tweetAcademic,1641824410.901,3,1,Yes,1641825784.064,2.058,1641825784.895,3,1460413988219416576
A2ZUTR7WZ2X5PN,True,SocComP2,Sample-1,hit_2,1,2,tweetWords,1641824410.901,0,45,,1641825811.099,27.035,1641825784.895,4,1453428774427635713
A2ZUTR7WZ2X5PN,True,SocComP2,Sample-1,hit_2,1,0,tweetAbout,1641824410.901,1,3,An event,1641825816.437,5.338,1641825784.895,4,1453428774427635713
A2ZUTR7WZ2X5PN,True,SocComP2,Sample-1,hit_2,1,1,tweetOpinion,1641824410.901,2,0,No,1641825855.659,39.222,1641825784.895,4,1453428774427635713
A2ZUTR7WZ2X5PN,True,SocComP2,Sample-1,hit_2,1,3,tweetAcademic,1641824410.901,3,0,No,1641825857.72,2.061,1641825784.895,4,1453428774427635713
A34AWQYVH39VAO,True,SocComP2,Sample-1,hit_14,1,2,tweetWords,1642088767.125,0,87,,1642088778.805,11.68,1642089266.991,0,1350154105977769986
A34AWQYVH39VAO,True,SocComP2,Sample-1,hit_14,1,2,tweetWords,1642088767.125,1,24,,1642088823.912,45.107,1642089266.991,0,1350154105977769986
A34AWQYVH39VAO,True,SocComP2,Sample-1,hit_14,1,1,tweetOpinion,1642088767.125,2,0,No,1642088827.748,3.836,1642089266.991,0,1350154105977769986
A34AWQYVH39VAO,True,SocComP2,Sample-1,hit_14,1,3,tweetAcademic,1642088767.125,3,0,No,1642088829.929,2.181,1642089266.991,0,1350154105977769986
A34AWQYVH39VAO,True,SocComP2,Sample-1,hit_14,1,0,tweetAbout,1642088767.125,4,4,Other topic,1642088832.636,2.707,1642089266.991,0,1350154105977769986
A34AWQYVH39VAO,True,SocComP2,Sample-1,hit_14,1,0,tweetAbout,1642088767.125,0,4,Other topic,1642088920.605,87.969,1642089266.991,1,GOLD-1448663916809121804
A34AWQYVH39VAO,True,SocComP2,Sample-1,hit_14,1,1,tweetOpinion,1642088767.125,1,0,No,1642088923.912,3.307,1642089266.991,1,GOLD-1448663916809121804
A34AWQYVH39VAO,True,SocComP2,Sample-1,hit_14,1,3,tweetAcademic,1642088767.125,2,0,No,1642088927.237,3.325,1642089266.991,1,GOLD-1448663916809121804
A34AWQYVH39VAO,True,SocComP2,Sample-1,hit_14,1,0,tweetAbout,1642088767.125,3,1,A place,1642088937.432,10.195,1642089266.991,1,GOLD-1448663916809121804
A34AWQYVH39VAO,True,SocComP2,Sample-1,hit_14,1,0,tweetAbout,1642088767.125,4,2,People,1642088937.941,0.509,1642089266.991,1,GOLD-1448663916809121804
A34AWQYVH39VAO,True,SocComP2,Sample-1,hit_14,1,0,tweetAbout,1642088767.125,5,3,An event,1642088939.588,1.647,1642089266.991,1,GOLD-1448663916809121804
A34AWQYVH39VAO,True,SocComP2,Sample-1,hit_14,1,2,tweetWords,1642088767.125,6,16,,1642089034.476,94.888,1642089266.991,1,GOLD-1448663916809121804
A34AWQYVH39VAO,True,SocComP2,Sample-1,hit_14,1,2,tweetWords,1642088767.125,0,30,,1642089056.123,21.647,1642089266.991,2,1455343431140601856
A34AWQYVH39VAO,True,SocComP2,Sample-1,hit_14,1,0,tweetAbout,1642088767.125,1,4,Other topic,1642089076.77,20.647,1642089266.991,2,1455343431140601856
A34AWQYVH39VAO,True,SocComP2,Sample-1,hit_14,1,1,tweetOpinion,1642088767.125,2,0,No,1642089138.734,61.964,1642089266.991,2,1455343431140601856
A34AWQYVH39VAO,True,SocComP2,Sample-1,hit_14,1,3,tweetAcademic,1642088767.125,3,0,No,1642089140.864,2.13,1642089266.991,2,1455343431140601856
A34AWQYVH39VAO,True,SocComP2,Sample-1,hit_14,1,2,tweetWords,1642088767.125,0,26,,1642089181.519,40.655,1642089266.991,3,1452791358427521025
A34AWQYVH39VAO,True,SocComP2,Sample-1,hit_14,1,0,tweetAbout,1642088767.125,1,4,Other topic,1642089223.286,41.767,1642089266.991,3,1452791358427521025
A34AWQYVH39VAO,True,SocComP2,Sample-1,hit_14,1,1,tweetOpinion,1642088767.125,2,0,No,1642089261.313,38.027,1642089266.991,3,1452791358427521025
A34AWQYVH39VAO,True,SocComP2,Sample-1,hit_14,1,1,tweetOpinion,1642088767.125,3,1,Yes,1642089264.421,3.108,1642089266.991,3,1452791358427521025
A34AWQYVH39VAO,True,SocComP2,Sample-1,hit_14,1,3,tweetAcademic,1642088767.125,4,0,No,1642089265.524,1.103,1642089266.991,3,1452791358427521025
A34AWQYVH39VAO,True,SocComP2,Sample-1,hit_14,1,2,tweetWords,1642088767.125,0,28,,1642089288.291,22.767,1642089266.991,4,1430393048907665408
A34AWQYVH39VAO,True,SocComP2,Sample-1,hit_14,1,0,tweetAbout,1642088767.125,1,4,Other topic,1642089293.899,5.608,1642089266.991,4,1430393048907665408
A34AWQYVH39VAO,True,SocComP2,Sample-1,hit_14,1,0,tweetAbout,1642088767.125,2,2,People,1642089294.767,0.868,1642089266.991,4,1430393048907665408
A34AWQYVH39VAO,True,SocComP2,Sample-1,hit_14,1,0,tweetAbout,1642088767.125,3,4,Other topic,1642089295.854,1.087,1642089266.991,4,1430393048907665408
A34AWQYVH39VAO,True,SocComP2,Sample-1,hit_14,1,1,tweetOpinion,1642088767.125,4,1,Yes,1642089346.428,50.574,1642089266.991,4,1430393048907665408
A34AWQYVH39VAO,True,SocComP2,Sample-1,hit_14,1,3,tweetAcademic,1642088767.125,5,0,No,1642089347.743,1.315,1642089266.991,4,1430393048907665408
A3DS0MROKEK8GH,True,SocComP2,Sample-1,hit_5,1,2,tweetWords,1642237755.724,0,37,,1642237785.944,30.22,1642238192.153,0,1461036239201742850
A3DS0MROKEK8GH,True,SocComP2,Sample-1,hit_5,1,1,tweetOpinion,1642237755.724,1,0,No,1642237811.893,25.949,1642238192.153,0,1461036239201742850
A3DS0MROKEK8GH,True,SocComP2,Sample-1,hit_5,1,3,tweetAcademic,1642237755.724,2,0,No,1642237813.996,2.103,1642238192.153,0,1461036239201742850
A3DS0MROKEK8GH,True,SocComP2,Sample-1,hit_5,1,0,tweetAbout,1642237755.724,3,2,People,1642237817.343,3.347,1642238192.153,0,1461036239201742850
A3DS0MROKEK8GH,True,SocComP2,Sample-1,hit_5,1,0,tweetAbout,1642237755.724,4,3,An event,1642237833.845,16.502,1642238192.153,0,1461036239201742850
A3DS0MROKEK8GH,True,SocComP2,Sample-1,hit_5,1,2,tweetWords,1642237755.724,0,47,,1642237909.99,76.145,1642238192.153,1,1460413988219416576
A3DS0MROKEK8GH,True,SocComP2,Sample-1,hit_5,1,1,tweetOpinion,1642237755.724,1,1,Yes,1642237929.037,19.047,1642238192.153,1,1460413988219416576
A3DS0MROKEK8GH,True,SocComP2,Sample-1,hit_5,1,3,tweetAcademic,1642237755.724,2,1,Yes,1642237930.85,1.813,1642238192.153,1,1460413988219416576
A3DS0MROKEK8GH,True,SocComP2,Sample-1,hit_5,1,0,tweetAbout,1642237755.724,3,4,Other topic,1642237933.718,2.868,1642238192.153,1,1460413988219416576
A3DS0MROKEK8GH,True,SocComP2,Sample-1,hit_5,1,0,tweetAbout,1642237755.724,0,3,An event,1642238021.228,87.51,1642238192.153,2,1226972505551908872
A3DS0MROKEK8GH,True,SocComP2,Sample-1,hit_5,1,1,tweetOpinion,1642237755.724,1,0,No,1642238025.014,3.786,1642238192.153,2,1226972505551908872
A3DS0MROKEK8GH,True,SocComP2,Sample-1,hit_5,1,2,tweetWords,1642237755.724,2,45,,1642238040.146,15.132,1642238192.153,2,1226972505551908872
A3DS0MROKEK8GH,True,SocComP2,Sample-1,hit_5,1,3,tweetAcademic,1642237755.724,3,1,Yes,1642238040.903,0.757,1642238192.153,2,1226972505551908872
A3DS0MROKEK8GH,True,SocComP2,Sample-1,hit_5,1,2,tweetWords,1642237755.724,0,43,,1642238119.002,78.099,1642238192.153,3,1453725918191505418
A3DS0MROKEK8GH,True,SocComP2,Sample-1,hit_5,1,1,tweetOpinion,1642237755.724,1,1,Yes,1642238133.179,14.177,1642238192.153,3,1453725918191505418
A3DS0MROKEK8GH,True,SocComP2,Sample-1,hit_5,1,3,tweetAcademic,1642237755.724,2,0,No,1642238134.162,0.983,1642238192.153,3,1453725918191505418
A3DS0MROKEK8GH,True,SocComP2,Sample-1,hit_5,1,0,tweetAbout,1642237755.724,3,4,Other topic,1642238136.974,2.812,1642238192.153,3,1453725918191505418
A3DS0MROKEK8GH,True,SocComP2,Sample-1,hit_5,1,3,tweetAcademic,1642237755.724,0,0,No,1642238213.494,76.52,1642238192.153,4,GOLD-1459175244917215232
A3DS0MROKEK8GH,True,SocComP2,Sample-1,hit_5,1,2,tweetWords,1642237755.724,1,30,,1642238216.068,2.574,1642238192.153,4,GOLD-1459175244917215232
A3DS0MROKEK8GH,True,SocComP2,Sample-1,hit_5,1,1,tweetOpinion,1642237755.724,2,1,Yes,1642238216.724,0.656,1642238192.153,4,GOLD-1459175244917215232
A3DS0MROKEK8GH,True,SocComP2,Sample-1,hit_5,1,0,tweetAbout,1642237755.724,3,4,Other topic,1642238217.902,1.178,1642238192.153,4,GOLD-1459175244917215232
A3JEGVPKAYOBB5,True,SocComP2,Sample-1,hit_3,1,0,tweetAbout,1642239463.099,0,4,Other topic,1642239512.149,49.05,1642240218.994,0,1453725918191505418
A3JEGVPKAYOBB5,True,SocComP2,Sample-1,hit_3,1,1,tweetOpinion,1642239463.099,1,1,Yes,1642239626.078,113.929,1642240218.994,0,1453725918191505418
A3JEGVPKAYOBB5,True,SocComP2,Sample-1,hit_3,1,2,tweetWords,1642239463.099,2,71,,1642239663.284,37.206,1642240218.994,0,1453725918191505418
A3JEGVPKAYOBB5,True,SocComP2,Sample-1,hit_3,1,2,tweetWords,1642239463.099,3,52,,1642239664.548,1.264,1642240218.994,0,1453725918191505418
A3JEGVPKAYOBB5,True,SocComP2,Sample-1,hit_3,1,2,tweetWords,1642239463.099,4,48,,1642239664.931,0.383,1642240218.994,0,1453725918191505418
A3JEGVPKAYOBB5,True,SocComP2,Sample-1,hit_3,1,2,tweetWords,1642239463.099,5,44,,1642239665.235,0.304,1642240218.994,0,1453725918191505418
A3JEGVPKAYOBB5,True,SocComP2,Sample-1,hit_3,1,2,tweetWords,1642239463.099,6,42,,1642239665.871,0.636,1642240218.994,0,1453725918191505418
A3JEGVPKAYOBB5,True,SocComP2,Sample-1,hit_3,1,2,tweetWords,1642239463.099,7,43,,1642239666.695,0.824,1642240218.994,0,1453725918191505418
A3JEGVPKAYOBB5,True,SocComP2,Sample-1,hit_3,1,3,tweetAcademic,1642239463.099,8,0,No,1642239668.353,1.658,1642240218.994,0,1453725918191505418
A3JEGVPKAYOBB5,True,SocComP2,Sample-1,hit_3,1,0,tweetAbout,1642239463.099,0,2,People,1642239693.858,25.505,1642240218.994,1,GOLD-1461636196753285129
A3JEGVPKAYOBB5,True,SocComP2,Sample-1,hit_3,1,1,tweetOpinion,1642239463.099,1,1,Yes,1642239767.89,74.032,1642240218.994,1,GOLD-1461636196753285129
A3JEGVPKAYOBB5,True,SocComP2,Sample-1,hit_3,1,1,tweetOpinion,1642239463.099,2,0,No,1642239771.709,3.819,1642240218.994,1,GOLD-1461636196753285129
A3JEGVPKAYOBB5,True,SocComP2,Sample-1,hit_3,1,2,tweetWords,1642239463.099,3,16,,1642239811.519,39.81,1642240218.994,1,GOLD-1461636196753285129
A3JEGVPKAYOBB5,True,SocComP2,Sample-1,hit_3,1,2,tweetWords,1642239463.099,4,15,,1642239812.223,0.704,1642240218.994,1,GOLD-1461636196753285129
A3JEGVPKAYOBB5,True,SocComP2,Sample-1,hit_3,1,2,tweetWords,1642239463.099,5,14,,1642239812.464,0.241,1642240218.994,1,GOLD-1461636196753285129
A3JEGVPKAYOBB5,True,SocComP2,Sample-1,hit_3,1,2,tweetWords,1642239463.099,6,12,,1642239813.68,1.216,1642240218.994,1,GOLD-1461636196753285129
A3JEGVPKAYOBB5,True,SocComP2,Sample-1,hit_3,1,2,tweetWords,1642239463.099,7,11,,1642239814.18,0.5,1642240218.994,1,GOLD-1461636196753285129
A3JEGVPKAYOBB5,True,SocComP2,Sample-1,hit_3,1,2,tweetWords,1642239463.099,8,8,,1642239814.851,0.671,1642240218.994,1,GOLD-1461636196753285129
A3JEGVPKAYOBB5,True,SocComP2,Sample-1,hit_3,1,2,tweetWords,1642239463.099,9,9,,1642239816.107,1.256,1642240218.994,1,GOLD-1461636196753285129
A3JEGVPKAYOBB5,True,SocComP2,Sample-1,hit_3,1,3,tweetAcademic,1642239463.099,10,1,Yes,1642239822.629,6.522,1642240218.994,1,GOLD-1461636196753285129
A3JEGVPKAYOBB5,True,SocComP2,Sample-1,hit_3,1,0,tweetAbout,1642239463.099,0,4,Other topic,1642239843.966,21.337,1642240218.994,2,1448919579292422144
A3JEGVPKAYOBB5,True,SocComP2,Sample-1,hit_3,1,1,tweetOpinion,1642239463.099,1,0,No,1642239971.436,127.47,1642240218.994,2,1448919579292422144
A3JEGVPKAYOBB5,True,SocComP2,Sample-1,hit_3,1,2,tweetWords,1642239463.099,2,45,,1642239991.664,20.228,1642240218.994,2,1448919579292422144
A3JEGVPKAYOBB5,True,SocComP2,Sample-1,hit_3,1,2,tweetWords,1642239463.099,3,31,,1642239994.164,2.5,1642240218.994,2,1448919579292422144
A3JEGVPKAYOBB5,True,SocComP2,Sample-1,hit_3,1,2,tweetWords,1642239463.099,4,29,,1642239995.124,0.96,1642240218.994,2,1448919579292422144
A3JEGVPKAYOBB5,True,SocComP2,Sample-1,hit_3,1,2,tweetWords,1642239463.099,5,30,,1642239996.776,1.652,1642240218.994,2,1448919579292422144
A3JEGVPKAYOBB5,True,SocComP2,Sample-1,hit_3,1,3,tweetAcademic,1642239463.099,6,0,No,1642239998.323,1.547,1642240218.994,2,1448919579292422144
A3JEGVPKAYOBB5,True,SocComP2,Sample-1,hit_3,1,0,tweetAbout,1642239463.099,0,4,Other topic,1642240016.026,17.703,1642240218.994,3,1350154105977769986
A3JEGVPKAYOBB5,True,SocComP2,Sample-1,hit_3,1,1,tweetOpinion,1642239463.099,1,1,Yes,1642240181.038,165.012,1642240218.994,3,1350154105977769986
A3JEGVPKAYOBB5,True,SocComP2,Sample-1,hit_3,1,2,tweetWords,1642239463.099,2,26,,1642240199.131,18.093,1642240218.994,3,1350154105977769986
A3JEGVPKAYOBB5,True,SocComP2,Sample-1,hit_3,1,2,tweetWords,1642239463.099,3,22,,1642240200.456,1.325,1642240218.994,3,1350154105977769986
A3JEGVPKAYOBB5,True,SocComP2,Sample-1,hit_3,1,2,tweetWords,1642239463.099,4,23,,1642240201.456,1.0,1642240218.994,3,1350154105977769986
A3JEGVPKAYOBB5,True,SocComP2,Sample-1,hit_3,1,2,tweetWords,1642239463.099,5,24,,1642240203.012,1.556,1642240218.994,3,1350154105977769986
A3JEGVPKAYOBB5,True,SocComP2,Sample-1,hit_3,1,3,tweetAcademic,1642239463.099,6,0,No,1642240218.192,15.18,1642240218.994,3,1350154105977769986
A3JEGVPKAYOBB5,True,SocComP2,Sample-1,hit_3,1,0,tweetAbout,1642239463.099,0,2,People,1642240235.409,17.217,1642240218.994,4,1460413988219416576
A3JEGVPKAYOBB5,True,SocComP2,Sample-1,hit_3,1,0,tweetAbout,1642239463.099,1,4,Other topic,1642240238.598,3.189,1642240218.994,4,1460413988219416576
A3JEGVPKAYOBB5,True,SocComP2,Sample-1,hit_3,1,3,tweetAcademic,1642239463.099,2,1,Yes,1642240240.761,2.163,1642240218.994,4,1460413988219416576
A3JEGVPKAYOBB5,True,SocComP2,Sample-1,hit_3,1,1,tweetOpinion,1642239463.099,3,1,Yes,1642240348.423,107.662,1642240218.994,4,1460413988219416576
A3JEGVPKAYOBB5,True,SocComP2,Sample-1,hit_3,1,2,tweetWords,1642239463.099,4,40,,1642240416.207,67.784,1642240218.994,4,1460413988219416576
A3JEGVPKAYOBB5,True,SocComP2,Sample-1,hit_3,1,2,tweetWords,1642239463.099,5,44,,1642240416.904,0.697,1642240218.994,4,1460413988219416576
A3JEGVPKAYOBB5,True,SocComP2,Sample-1,hit_3,1,2,tweetWords,1642239463.099,6,47,,1642240417.307,0.403,1642240218.994,4,1460413988219416576
A3PBO7GHMHLQ07,True,SocComP2,Sample-1,hit_0,1,2,tweetWords,1642256787.891,0,44,,1642256841.011,53.12,1642258144.978,0,1453725918191505418
A3PBO7GHMHLQ07,True,SocComP2,Sample-1,hit_0,1,0,tweetAbout,1642256787.891,1,2,People,1642256869.857,28.846,1642258144.978,0,1453725918191505418
A3PBO7GHMHLQ07,True,SocComP2,Sample-1,hit_0,1,0,tweetAbout,1642256787.891,2,4,Other topic,1642256880.359,10.502,1642258144.978,0,1453725918191505418
A3PBO7GHMHLQ07,True,SocComP2,Sample-1,hit_0,1,1,tweetOpinion,1642256787.891,3,1,Yes,1642257006.602,126.243,1642258144.978,0,1453725918191505418
A3PBO7GHMHLQ07,True,SocComP2,Sample-1,hit_0,1,3,tweetAcademic,1642256787.891,4,0,No,1642257014.44,7.838,1642258144.978,0,1453725918191505418
A3PBO7GHMHLQ07,True,SocComP2,Sample-1,hit_0,1,2,tweetWords,1642256787.891,0,30,,1642257049.268,34.828,1642258144.978,1,1448919579292422144
A3PBO7GHMHLQ07,True,SocComP2,Sample-1,hit_0,1,0,tweetAbout,1642256787.891,1,4,Other topic,1642257062.869,13.601,1642258144.978,1,1448919579292422144
A3PBO7GHMHLQ07,True,SocComP2,Sample-1,hit_0,1,1,tweetOpinion,1642256787.891,2,0,No,1642257469.422,406.553,1642258144.978,1,1448919579292422144
A3PBO7GHMHLQ07,True,SocComP2,Sample-1,hit_0,1,3,tweetAcademic,1642256787.891,3,0,No,1642257473.055,3.633,1642258144.978,1,1448919579292422144
A3PBO7GHMHLQ07,True,SocComP2,Sample-1,hit_0,1,2,tweetWords,1642256787.891,0,30,,1642257568.786,95.731,1642258144.978,2,1455343431140601856
A3PBO7GHMHLQ07,True,SocComP2,Sample-1,hit_0,1,0,tweetAbout,1642256787.891,1,4,Other topic,1642257642.287,73.501,1642258144.978,2,1455343431140601856
A3PBO7GHMHLQ07,True,SocComP2,Sample-1,hit_0,1,1,tweetOpinion,1642256787.891,2,0,No,1642257728.683,86.396,1642258144.978,2,1455343431140601856
A3PBO7GHMHLQ07,True,SocComP2,Sample-1,hit_0,1,3,tweetAcademic,1642256787.891,3,1,Yes,1642257730.555,1.872,1642258144.978,2,1455343431140601856
A3PBO7GHMHLQ07,True,SocComP2,Sample-1,hit_0,1,0,tweetAbout,1642256787.891,4,3,An event,1642257764.05,33.495,1642258144.978,2,1455343431140601856
A3PBO7GHMHLQ07,True,SocComP2,Sample-1,hit_0,1,0,tweetAbout,1642256787.891,5,4,Other topic,1642257764.863,0.813,1642258144.978,2,1455343431140601856
A3PBO7GHMHLQ07,True,SocComP2,Sample-1,hit_0,1,2,tweetWords,1642256787.891,0,40,,1642257919.299,154.436,1642258144.978,3,1461661299566383104
A3PBO7GHMHLQ07,True,SocComP2,Sample-1,hit_0,1,3,tweetAcademic,1642256787.891,1,1,Yes,1642257924.974,5.675,1642258144.978,3,1461661299566383104
A3PBO7GHMHLQ07,True,SocComP2,Sample-1,hit_0,1,0,tweetAbout,1642256787.891,2,4,Other topic,1642257941.375,16.401,1642258144.978,3,1461661299566383104
A3PBO7GHMHLQ07,True,SocComP2,Sample-1,hit_0,1,1,tweetOpinion,1642256787.891,3,0,No,1642257942.49,1.115,1642258144.978,3,1461661299566383104
A3PBO7GHMHLQ07,True,SocComP2,Sample-1,hit_0,1,2,tweetWords,1642256787.891,0,26,,1642258173.715,231.225,1642258144.978,4,GOLD-1452791358427521025
A3PBO7GHMHLQ07,True,SocComP2,Sample-1,hit_0,1,1,tweetOpinion,1642256787.891,1,0,No,1642258175.092,1.377,1642258144.978,4,GOLD-1452791358427521025
A3PBO7GHMHLQ07,True,SocComP2,Sample-1,hit_0,1,0,tweetAbout,1642256787.891,2,4,Other topic,1642258181.625,6.533,1642258144.978,4,GOLD-1452791358427521025
A3PBO7GHMHLQ07,True,SocComP2,Sample-1,hit_0,1,3,tweetAcademic,1642256787.891,3,1,Yes,1642258241.465,59.84,1642258144.978,4,GOLD-1452791358427521025
A9JYYUZL9MQYA,True,SocComP2,Sample-1,hit_8,1,0,tweetAbout,1642237444.53,0,3,An event,1642237462.623,18.093,1642238153.684,0,1453428774427635713
A9JYYUZL9MQYA,True,SocComP2,Sample-1,hit_8,1,1,tweetOpinion,1642237444.53,1,0,No,1642237543.769,81.146,1642238153.684,0,1453428774427635713
A9JYYUZL9MQYA,True,SocComP2,Sample-1,hit_8,1,2,tweetWords,1642237444.53,2,42,,1642237586.381,42.612,1642238153.684,0,1453428774427635713
A9JYYUZL9MQYA,True,SocComP2,Sample-1,hit_8,1,3,tweetAcademic,1642237444.53,3,0,No,1642237588.844,2.463,1642238153.684,0,1453428774427635713
A9JYYUZL9MQYA,True,SocComP2,Sample-1,hit_8,1,0,tweetAbout,1642237444.53,0,2,People,1642237646.445,57.601,1642238153.684,1,1461036239201742850
A9JYYUZL9MQYA,True,SocComP2,Sample-1,hit_8,1,1,tweetOpinion,1642237444.53,1,1,Yes,1642237771.584,125.139,1642238153.684,1,1461036239201742850
A9JYYUZL9MQYA,True,SocComP2,Sample-1,hit_8,1,2,tweetWords,1642237444.53,2,37,,1642237816.828,45.244,1642238153.684,1,1461036239201742850
A9JYYUZL9MQYA,True,SocComP2,Sample-1,hit_8,1,3,tweetAcademic,1642237444.53,3,0,No,1642237818.478,1.65,1642238153.684,1,1461036239201742850
A9JYYUZL9MQYA,True,SocComP2,Sample-1,hit_8,1,0,tweetAbout,1642237444.53,0,4,Other topic,1642237842.288,23.81,1642238153.684,2,GOLD-1459175244917215232
A9JYYUZL9MQYA,True,SocComP2,Sample-1,hit_8,1,1,tweetOpinion,1642237444.53,1,1,Yes,1642237843.837,1.549,1642238153.684,2,GOLD-1459175244917215232
A9JYYUZL9MQYA,True,SocComP2,Sample-1,hit_8,1,2,tweetWords,1642237444.53,2,30,,1642237922.466,78.629,1642238153.684,2,GOLD-1459175244917215232
A9JYYUZL9MQYA,True,SocComP2,Sample-1,hit_8,1,3,tweetAcademic,1642237444.53,3,0,No,1642237925.774,3.308,1642238153.684,2,GOLD-1459175244917215232
A9JYYUZL9MQYA,True,SocComP2,Sample-1,hit_8,1,0,tweetAbout,1642237444.53,0,3,An event,1642238068.558,142.784,1642238153.684,3,1461661299566383104
A9JYYUZL9MQYA,True,SocComP2,Sample-1,hit_8,1,1,tweetOpinion,1642237444.53,1,0,No,1642238126.931,58.373,1642238153.684,3,1461661299566383104
A9JYYUZL9MQYA,True,SocComP2,Sample-1,hit_8,1,2,tweetWords,1642237444.53,2,40,,1642238151.352,24.421,1642238153.684,3,1461661299566383104
A9JYYUZL9MQYA,True,SocComP2,Sample-1,hit_8,1,3,tweetAcademic,1642237444.53,3,0,No,1642238153.134,1.782,1642238153.684,3,1461661299566383104
A9JYYUZL9MQYA,True,SocComP2,Sample-1,hit_8,1,0,tweetAbout,1642237444.53,0,4,Other topic,1642238188.821,35.687,1642238153.684,4,1226972505551908872
A9JYYUZL9MQYA,True,SocComP2,Sample-1,hit_8,1,1,tweetOpinion,1642237444.53,1,1,Yes,1642238255.691,66.87,1642238153.684,4,1226972505551908872
A9JYYUZL9MQYA,True,SocComP2,Sample-1,hit_8,1,2,tweetWords,1642237444.53,2,45,,1642238352.088,96.397,1642238153.684,4,1226972505551908872
A9JYYUZL9MQYA,True,SocComP2,Sample-1,hit_8,1,3,tweetAcademic,1642237444.53,3,1,Yes,1642238354.382,2.294,1642238153.684,4,1226972505551908872
ACPHDBVLRD6KI,True,SocComP2,Sample-1,hit_7,1,0,tweetAbout,1642266318.464,0,2,People,1642266331.356,12.892,1642266440.411,0,1460413988219416576
ACPHDBVLRD6KI,True,SocComP2,Sample-1,hit_7,1,1,tweetOpinion,1642266318.464,1,0,No,1642266332.183,0.827,1642266440.411,0,1460413988219416576
ACPHDBVLRD6KI,True,SocComP2,Sample-1,hit_7,1,3,tweetAcademic,1642266318.464,2,1,Yes,1642266333.974,1.791,1642266440.411,0,1460413988219416576
ACPHDBVLRD6KI,True,SocComP2,Sample-1,hit_7,1,2,tweetWords,1642266318.464,3,47,,1642266394.096,60.122,1642266440.411,0,1460413988219416576
ACPHDBVLRD6KI,True,SocComP2,Sample-1,hit_7,1,0,tweetAbout,1642266318.464,0,1,A place,1642266396.453,2.357,1642266440.411,1,GOLD-1448663916809121804
ACPHDBVLRD6KI,True,SocComP2,Sample-1,hit_7,1,1,tweetOpinion,1642266318.464,1,1,Yes,1642266397.651,1.198,1642266440.411,1,GOLD-1448663916809121804
ACPHDBVLRD6KI,True,SocComP2,Sample-1,hit_7,1,3,tweetAcademic,1642266318.464,2,1,Yes,1642266399.14,1.489,1642266440.411,1,GOLD-1448663916809121804
ACPHDBVLRD6KI,True,SocComP2,Sample-1,hit_7,1,2,tweetWords,1642266318.464,3,78,,1642266400.326,1.186,1642266440.411,1,GOLD-1448663916809121804
ACPHDBVLRD6KI,True,SocComP2,Sample-1,hit_7,1,2,tweetWords,1642266318.464,4,16,,1642266413.14,12.814,1642266440.411,1,GOLD-1448663916809121804
ACPHDBVLRD6KI,True,SocComP2,Sample-1,hit_7,1,0,tweetAbout,1642266318.464,0,1,A place,1642266416.115,2.975,1642266440.411,2,1430393048907665408
ACPHDBVLRD6KI,True,SocComP2,Sample-1,hit_7,1,1,tweetOpinion,1642266318.464,1,0,No,1642266418.726,2.611,1642266440.411,2,1430393048907665408
ACPHDBVLRD6KI,True,SocComP2,Sample-1,hit_7,1,2,tweetWords,1642266318.464,2,100,,1642266420.127,1.401,1642266440.411,2,1430393048907665408
ACPHDBVLRD6KI,True,SocComP2,Sample-1,hit_7,1,3,tweetAcademic,1642266318.464,3,0,No,1642266421.716,1.589,1642266440.411,2,1430393048907665408
ACPHDBVLRD6KI,True,SocComP2,Sample-1,hit_7,1,0,tweetAbout,1642266318.464,0,2,People,1642266429.461,7.745,1642266440.411,3,1459175244917215232
ACPHDBVLRD6KI,True,SocComP2,Sample-1,hit_7,1,1,tweetOpinion,1642266318.464,1,1,Yes,1642266431.074,1.613,1642266440.411,3,1459175244917215232
ACPHDBVLRD6KI,True,SocComP2,Sample-1,hit_7,1,2,tweetWords,1642266318.464,2,30,,1642266432.363,1.289,1642266440.411,3,1459175244917215232
ACPHDBVLRD6KI,True,SocComP2,Sample-1,hit_7,1,3,tweetAcademic,1642266318.464,3,0,No,1642266433.878,1.515,1642266440.411,3,1459175244917215232
ACPHDBVLRD6KI,True,SocComP2,Sample-1,hit_7,1,0,tweetAbout,1642266318.464,0,1,A place,1642266441.926,8.048,1642266440.411,4,1461661299566383104
ACPHDBVLRD6KI,True,SocComP2,Sample-1,hit_7,1,1,tweetOpinion,1642266318.464,1,0,No,1642266443.882,1.956,1642266440.411,4,1461661299566383104
ACPHDBVLRD6KI,True,SocComP2,Sample-1,hit_7,1,2,tweetWords,1642266318.464,2,54,,1642266445.638,1.756,1642266440.411,4,1461661299566383104
ACPHDBVLRD6KI,True,SocComP2,Sample-1,hit_7,1,3,tweetAcademic,1642266318.464,3,1,Yes,1642266446.964,1.326,1642266440.411,4,1461661299566383104
ACPHDBVLRD6KK,True,SocComP2,Sample-1,hit_9,1,0,tweetAbout,1641553995.698,0,2,People,1641554034.307,38.609,1641554121.484,0,1452791358427521025
ACPHDBVLRD6KK,True,SocComP2,Sample-1,hit_9,1,1,tweetOpinion,1641553995.698,1,1,Yes,1641554035.213,0.906,1641554121.484,0,1452791358427521025
ACPHDBVLRD6KK,True,SocComP2,Sample-1,hit_9,1,2,tweetWords,1641553995.698,2,42,,1641554036.813,1.6,1641554121.484,0,1452791358427521025
ACPHDBVLRD6KK,True,SocComP2,Sample-1,hit_9,1,3,tweetAcademic,1641553995.698,3,1,Yes,1641554037.925,1.112,1641554121.484,0,1452791358427521025
ACPHDBVLRD6KK,True,SocComP2,Sample-1,hit_9,1,0,tweetAbout,1641553995.698,0,3,An event,1641554046.279,8.354,1641554121.484,1,1453428774427635713
ACPHDBVLRD6KK,True,SocComP2,Sample-1,hit_9,1,1,tweetOpinion,1641553995.698,1,1,Yes,1641554047.231,0.952,1641554121.484,1,1453428774427635713
ACPHDBVLRD6KK,True,SocComP2,Sample-1,hit_9,1,2,tweetWords,1641553995.698,2,64,,1641554048.48,1.249,1641554121.484,1,1453428774427635713
ACPHDBVLRD6KK,True,SocComP2,Sample-1,hit_9,1,3,tweetAcademic,1641553995.698,3,1,Yes,1641554050.073,1.593,1641554121.484,1,1453428774427635713
ACPHDBVLRD6KK,True,SocComP2,Sample-1,hit_9,1,0,tweetAbout,1641553995.698,0,1,A place,1641554100.642,50.569,1641554121.484,2,GOLD-1448919579292422144
ACPHDBVLRD6KK,True,SocComP2,Sample-1,hit_9,1,1,tweetOpinion,1641553995.698,1,1,Yes,1641554104.754,4.112,1641554121.484,2,GOLD-1448919579292422144
ACPHDBVLRD6KK,True,SocComP2,Sample-1,hit_9,1,2,tweetWords,1641553995.698,2,30,,1641554109.509,4.755,1641554121.484,2,GOLD-1448919579292422144
ACPHDBVLRD6KK,True,SocComP2,Sample-1,hit_9,1,3,tweetAcademic,1641553995.698,3,1,Yes,1641554111.076,1.567,1641554121.484,2,GOLD-1448919579292422144
ACPHDBVLRD6KK,True,SocComP2,Sample-1,hit_9,1,0,tweetAbout,1641553995.698,0,2,People,1641554116.258,5.182,1641554121.484,3,1461661299566383104
ACPHDBVLRD6KK,True,SocComP2,Sample-1,hit_9,1,1,tweetOpinion,1641553995.698,1,1,Yes,1641554117.497,1.239,1641554121.484,3,1461661299566383104
ACPHDBVLRD6KK,True,SocComP2,Sample-1,hit_9,1,2,tweetWords,1641553995.698,2,35,,1641554119.207,1.71,1641554121.484,3,1461661299566383104
ACPHDBVLRD6KK,True,SocComP2,Sample-1,hit_9,1,3,tweetAcademic,1641553995.698,3,1,Yes,1641554120.655,1.448,1641554121.484,3,1461661299566383104
ACPHDBVLRD6KK,True,SocComP2,Sample-1,hit_9,1,0,tweetAbout,1641553995.698,0,2,People,1641554126.671,6.016,1641554121.484,4,1461036239201742850
ACPHDBVLRD6KK,True,SocComP2,Sample-1,hit_9,1,1,tweetOpinion,1641553995.698,1,1,Yes,1641554128.01,1.339,1641554121.484,4,1461036239201742850
ACPHDBVLRD6KK,True,SocComP2,Sample-1,hit_9,1,2,tweetWords,1641553995.698,2,47,,1641554129.162,1.152,1641554121.484,4,1461036239201742850
ACPHDBVLRD6KK,True,SocComP2,Sample-1,hit_9,1,3,tweetAcademic,1641553995.698,3,1,Yes,1641554130.663,1.501,1641554121.484,4,1461036239201742850
AEDC8F0PSC9YQ,True,SocComP2,Sample-1,hit_11,1,2,tweetWords,1642242287.868,0,9,,1642242299.371,11.503,1642242594.18,0,1461636196753285129
AEDC8F0PSC9YQ,True,SocComP2,Sample-1,hit_11,1,3,tweetAcademic,1642242287.868,1,1,Yes,1642242307.478,8.107,1642242594.18,0,1461636196753285129
AEDC8F0PSC9YQ,True,SocComP2,Sample-1,hit_11,1,1,tweetOpinion,1642242287.868,2,1,Yes,1642242310.032,2.554,1642242594.18,0,1461636196753285129
AEDC8F0PSC9YQ,True,SocComP2,Sample-1,hit_11,1,0,tweetAbout,1642242287.868,3,3,An event,1642242312.143,2.111,1642242594.18,0,1461636196753285129
AEDC8F0PSC9YQ,True,SocComP2,Sample-1,hit_11,1,2,tweetWords,1642242287.868,0,5,,1642242352.571,40.428,1642242594.18,1,GOLD-1182774306406719488
AEDC8F0PSC9YQ,True,SocComP2,Sample-1,hit_11,1,2,tweetWords,1642242287.868,1,20,,1642242354.002,1.431,1642242594.18,1,GOLD-1182774306406719488
AEDC8F0PSC9YQ,True,SocComP2,Sample-1,hit_11,1,3,tweetAcademic,1642242287.868,2,0,No,1642242355.341,1.339,1642242594.18,1,GOLD-1182774306406719488
AEDC8F0PSC9YQ,True,SocComP2,Sample-1,hit_11,1,0,tweetAbout,1642242287.868,3,3,An event,1642242359.101,3.76,1642242594.18,1,GOLD-1182774306406719488
AEDC8F0PSC9YQ,True,SocComP2,Sample-1,hit_11,1,1,tweetOpinion,1642242287.868,4,0,No,1642242361.013,1.912,1642242594.18,1,GOLD-1182774306406719488
AEDC8F0PSC9YQ,True,SocComP2,Sample-1,hit_11,1,2,tweetWords,1642242287.868,0,43,,1642242442.763,81.75,1642242594.18,2,1453725918191505418
AEDC8F0PSC9YQ,True,SocComP2,Sample-1,hit_11,1,3,tweetAcademic,1642242287.868,1,0,No,1642242444.383,1.62,1642242594.18,2,1453725918191505418
AEDC8F0PSC9YQ,True,SocComP2,Sample-1,hit_11,1,1,tweetOpinion,1642242287.868,2,1,Yes,1642242445.685,1.302,1642242594.18,2,1453725918191505418
AEDC8F0PSC9YQ,True,SocComP2,Sample-1,hit_11,1,0,tweetAbout,1642242287.868,3,4,Other topic,1642242446.973,1.288,1642242594.18,2,1453725918191505418
AEDC8F0PSC9YQ,True,SocComP2,Sample-1,hit_11,1,2,tweetWords,1642242287.868,0,42,,1642242551.587,104.614,1642242594.18,3,1453428774427635713
AEDC8F0PSC9YQ,True,SocComP2,Sample-1,hit_11,1,1,tweetOpinion,1642242287.868,1,0,No,1642242554.565,2.978,1642242594.18,3,1453428774427635713
AEDC8F0PSC9YQ,True,SocComP2,Sample-1,hit_11,1,0,tweetAbout,1642242287.868,2,3,An event,1642242561.165,6.6,1642242594.18,3,1453428774427635713
AEDC8F0PSC9YQ,True,SocComP2,Sample-1,hit_11,1,3,tweetAcademic,1642242287.868,3,0,No,1642242563.629,2.464,1642242594.18,3,1453428774427635713
AEDC8F0PSC9YQ,True,SocComP2,Sample-1,hit_11,1,3,tweetAcademic,1642242287.868,4,1,Yes,1642242570.142,6.513,1642242594.18,3,1453428774427635713
AEDC8F0PSC9YQ,True,SocComP2,Sample-1,hit_11,1,2,tweetWords,1642242287.868,0,30,,1642242616.923,46.781,1642242594.18,4,1459175244917215232
AEDC8F0PSC9YQ,True,SocComP2,Sample-1,hit_11,1,3,tweetAcademic,1642242287.868,1,0,No,1642242617.989,1.066,1642242594.18,4,1459175244917215232
AEDC8F0PSC9YQ,True,SocComP2,Sample-1,hit_11,1,1,tweetOpinion,1642242287.868,2,0,No,1642242661.677,43.688,1642242594.18,4,1459175244917215232
AEDC8F0PSC9YQ,True,SocComP2,Sample-1,hit_11,1,1,tweetOpinion,1642242287.868,3,1,Yes,1642242665.413,3.736,1642242594.18,4,1459175244917215232
AEDC8F0PSC9YQ,True,SocComP2,Sample-1,hit_11,1,0,tweetAbout,1642242287.868,4,4,Other topic,1642242666.421,1.008,1642242594.18,4,1459175244917215232
AT84D30K96VW4,True,SocComP2,Sample-1,hit_10,1,0,tweetAbout,1642253219.069,0,4,Other topic,1642253310.647,91.578,1642253782.65,0,1430393048907665408
AT84D30K96VW4,True,SocComP2,Sample-1,hit_10,1,1,tweetOpinion,1642253219.069,1,0,No,1642253370.298,59.651,1642253782.65,0,1430393048907665408
AT84D30K96VW4,True,SocComP2,Sample-1,hit_10,1,2,tweetWords,1642253219.069,2,28,,1642253389.208,18.91,1642253782.65,0,1430393048907665408
AT84D30K96VW4,True,SocComP2,Sample-1,hit_10,1,3,tweetAcademic,1642253219.069,3,0,No,1642253396.956,7.748,1642253782.65,0,1430393048907665408
AT84D30K96VW4,True,SocComP2,Sample-1,hit_10,1,0,tweetAbout,1642253219.069,0,2,People,1642253459.568,62.612,1642253782.65,1,1461036239201742850
AT84D30K96VW4,True,SocComP2,Sample-1,hit_10,1,1,tweetOpinion,1642253219.069,1,1,Yes,1642253490.324,30.756,1642253782.65,1,1461036239201742850
AT84D30K96VW4,True,SocComP2,Sample-1,hit_10,1,2,tweetWords,1642253219.069,2,37,,1642253517.79,27.466,1642253782.65,1,1461036239201742850
AT84D30K96VW4,True,SocComP2,Sample-1,hit_10,1,3,tweetAcademic,1642253219.069,3,0,No,1642253519.939,2.149,1642253782.65,1,1461036239201742850
AT84D30K96VW4,True,SocComP2,Sample-1,hit_10,1,0,tweetAbout,1642253219.069,0,4,Other topic,1642253552.224,32.285,1642253782.65,2,1226972505551908872
AT84D30K96VW4,True,SocComP2,Sample-1,hit_10,1,1,tweetOpinion,1642253219.069,1,1,Yes,1642253611.243,59.019,1642253782.65,2,1226972505551908872
AT84D30K96VW4,True,SocComP2,Sample-1,hit_10,1,2,tweetWords,1642253219.069,2,45,,1642253641.762,30.519,1642253782.65,2,1226972505551908872
AT84D30K96VW4,True,SocComP2,Sample-1,hit_10,1,3,tweetAcademic,1642253219.069,3,1,Yes,1642253643.432,1.67,1642253782.65,2,1226972505551908872
AT84D30K96VW4,True,SocComP2,Sample-1,hit_10,1,0,tweetAbout,1642253219.069,0,2,People,1642253654.055,10.623,1642253782.65,3,GOLD-1461636196753285129
AT84D30K96VW4,True,SocComP2,Sample-1,hit_10,1,1,tweetOpinion,1642253219.069,1,1,Yes,1642253770.29,116.235,1642253782.65,3,GOLD-1461636196753285129
AT84D30K96VW4,True,SocComP2,Sample-1,hit_10,1,2,tweetWords,1642253219.069,2,9,,1642253780.649,10.359,1642253782.65,3,GOLD-1461636196753285129
AT84D30K96VW4,True,SocComP2,Sample-1,hit_10,1,3,tweetAcademic,1642253219.069,3,1,Yes,1642253781.914,1.265,1642253782.65,3,GOLD-1461636196753285129
AT84D30K96VW4,True,SocComP2,Sample-1,hit_10,1,0,tweetAbout,1642253219.069,0,3,An event,1642253791.575,9.661,1642253782.65,4,1448663916809121804
AT84D30K96VW4,True,SocComP2,Sample-1,hit_10,1,1,tweetOpinion,1642253219.069,1,0,No,1642253847.379,55.804,1642253782.65,4,1448663916809121804
AT84D30K96VW4,True,SocComP2,Sample-1,hit_10,1,2,tweetWords,1642253219.069,2,16,,1642253861.817,14.438,1642253782.65,4,1448663916809121804
AT84D30K96VW4,True,SocComP2,Sample-1,hit_10,1,3,tweetAcademic,1642253219.069,3,1,Yes,1642253864.096,2.279,1642253782.65,4,1448663916809121804
